<application>
  <component name="EditorSettings">
    <option name="USE_SOFT_WRAPS" value="" />
    <option name="IS_ENSURE_NEWLINE_AT_EOF" value="true" />
    <option name="IS_WHITESPACES_SHOWN" value="true" />
  </component>
  <component name="InlayHintsSettings">
    <option name="disabledHintProviderIds">
      <set>
        <option value="ruby.rbs.ruby.parameter.type.hints" />
      </set>
    </option>
    <option name="lastViewedProviderKeyId" value="ruby.rbs.ruby.parameter.type.hints" />
  </component>
</application>