<application>
  <component name="MaterialThemeNewConfig">
    <option name="accentState">
      <MTAccentConfigState>
        <option name="accentColorHex" value="84ffff" />
      </MTAccentConfigState>
    </option>
    <option name="compactState">
      <MTCompactConfigState>
        <option name="compactDropdowns" value="true" />
        <option name="compactMenus" value="true" />
        <option name="compactTables" value="true" />
      </MTCompactConfigState>
    </option>
    <option name="metadata">
      <MTMetadataState>
        <option name="pristineConfig" value="false" />
        <option name="userId" value="-7237e581:18ecd3965a7:-8000" />
        <option name="version" value="9.2.0" />
        <option name="wizardShown" value="true" />
      </MTMetadataState>
    </option>
    <option name="themeState">
      <MTThemeConfigState>
        <option name="selectedThemeName" value="DEEPOCEAN" />
      </MTThemeConfigState>
    </option>
  </component>
</application>