<application>
  <component name="MaterialThemeConfig">
    <option name="compactMenus" value="true" />
    <option name="compactStatusBar" value="true" />
    <option name="compactTables" value="true" />
    <option name="contrastMode" value="true" />
    <option name="compactDropdowns" value="true" />
    <option name="isCompactMenus" value="true" />
    <option name="isCompactStatusBar" value="true" />
    <option name="isCompactTables" value="true" />
    <option name="isContrastMode" value="true" />
    <option name="isWizardShown" value="true" />
    <option name="accentColor" value="84ffff" />
    <option name="selectedTheme" value="DEEPOCEAN" />
    <option name="userId" value="-5190e62:17de3ad11ee:-8000" />
    <option name="version" value="7.14.2" />
  </component>
</application>