<application>
  <component name="StringManipulationState">
    <option name="lastActionModel">
      <UniversalActionModel>
        <option name="actionClassName" value="osmedile.intellij.stringmanip.styles.switching.ToSnakeCaseOrCamelCaseAction" />
        <option name="description" value="Toggle: snake_case / camelCase" />
        <option name="textWithMnemonic" value="snake_case / camelCase" />
      </UniversalActionModel>
    </option>
    <option name="sortSettingsMap">
      <map>
        <entry key="SortAction">
          <value>
            <SortSettings />
          </value>
        </entry>
      </map>
    </option>
  </component>
</application>