<application>
  <component name="aws">
    <option name="promptedForTelemetry" value="true" />
  </component>
  <component name="executables">
    <option name="value">
      <list>
        <ExecutableState>
          <option name="autoResolved" value="true" />
          <option name="executablePath" value="/usr/local/bin/sam" />
          <option name="id" value="samCli" />
          <option name="lastKnownFileTime" value="1631113358136" />
        </ExecutableState>
        <ExecutableState>
          <option name="autoResolved" value="true" />
          <option name="executablePath" value="/usr/local/bin/aws" />
          <option name="id" value="awsCli" />
          <option name="lastKnownFileTime" value="1630521923731" />
        </ExecutableState>
      </list>
    </option>
  </component>
</application>