<toolSet name="External Tools">
  <tool name="ruby prettier" showInMainMenu="false" showInEditor="false" showInProject="false" showInSearchPopup="false" disabled="false" useConsole="true" showConsoleOnStdOut="true" showConsoleOnStdErr="true" synchronizeAfterRun="true">
    <exec>
      <option name="COMMAND" value="$USER_HOME$/git/strategyzer/node_modules/prettier/bin-prettier.js" />
      <option name="PARAMETERS" value="--write $FilePath$" />
      <option name="WORKING_DIRECTORY" value="$Projectpath$" />
    </exec>
  </tool>
  <tool name="echo file" showInMainMenu="false" showInEditor="false" showInProject="false" showInSearchPopup="false" disabled="false" useConsole="true" showConsoleOnStdOut="true" showConsoleOnStdErr="true" synchronizeAfterRun="true">
    <exec>
      <option name="COMMAND" value="echo" />
      <option name="PARAMETERS" value="$FilePath$" />
      <option name="WORKING_DIRECTORY" value="$Projectpath$" />
    </exec>
  </tool>
  <tool name="stree check" showInMainMenu="false" showInEditor="false" showInProject="false" showInSearchPopup="false" disabled="false" useConsole="true" showConsoleOnStdOut="true" showConsoleOnStdErr="true" synchronizeAfterRun="true">
    <exec>
      <option name="COMMAND" value="/usr/local/bin/fstree_check" />
      <option name="PARAMETERS" />
      <option name="WORKING_DIRECTORY" value="$Projectpath$" />
    </exec>
  </tool>
</toolSet>