<application>
  <component name="FileTypeManager" version="18">
    <ignoreFiles list="*$py.class;*.pyc;*.pyo;*.rbc;*.yarb;*~;.DS_Store;.git;.hg;.svn;CVS;__pycache__;_svn;vssver.scc;vssver2.scc;" />
    <extensionMap>
      <mapping pattern="Procfile" type="AUTO_DETECTED" />
      <mapping pattern=".prettierrc" type="JSON" />
      <mapping pattern=".pycharmrc" type="PLAIN_TEXT" />
      <mapping ext="config" type="PLAIN_TEXT" />
      <mapping pattern="02_grant_executable_rights.config" type="YAML" />
      <mapping pattern="00_install_certbot.config" type="YAML" />
      <mapping pattern="03_renew_ssl_certificate_cron_job.config" type="YAML" />
      <mapping pattern="django.config" type="YAML" />
      <mapping pattern="01_open_https_port.config" type="YAML" />
      <mapping pattern="packages.config" type="YAML" />
      <mapping pattern="db-migrate.config" type="YAML" />
    </extensionMap>
  </component>
</application>