<code_scheme name="Default" version="173">
  <option name="OTHER_INDENT_OPTIONS">
    <value>
      <option name="INDENT_SIZE" value="2" />
      <option name="TAB_SIZE" value="2" />
    </value>
  </option>
  <SqlCodeStyleSettings version="6">
    <option name="SELECT_ALIGN_AS" value="false" />
    <option name="ROUTINE_AS_WRAP" value="true" />
  </SqlCodeStyleSettings>
  <codeStyleSettings language="EditorConfig">
    <option name="SOFT_MARGINS" value="100" />
  </codeStyleSettings>
  <codeStyleSettings language="SQL">
    <indentOptions>
      <option name="INDENT_SIZE" value="2" />
      <option name="CONTINUATION_INDENT_SIZE" value="4" />
      <option name="TAB_SIZE" value="2" />
    </indentOptions>
  </codeStyleSettings>
  <codeStyleSettings language="ruby">
    <option name="ALIGN_MULTILINE_PARAMETERS" value="false" />
  </codeStyleSettings>
</code_scheme>