<application>
  <component name="MaterialThemeConfig">
    <option name="compactMenus" value="true" />
    <option name="compactStatusBar" value="true" />
    <option name="compactTables" value="true" />
    <option name="contrastMode" value="true" />
    <option name="premium" value="true" />
    <option name="compactDropdowns" value="true" />
    <option name="isCompactMenus" value="true" />
    <option name="isCompactStatusBar" value="true" />
    <option name="isCompactTables" value="true" />
    <option name="isContrastMode" value="true" />
    <option name="indicatorStyle" value="None" />
    <option name="accentColor" value="84ffff" />
    <option name="selectedTheme" value="DEEPOCEAN" />
    <option name="userId" value="-47a49dcf:17a78688901:-8000" />
    <option name="version" value="6.7.0" />
  </component>
</application>